episode,timestep,reward,length
1,48,-23.086631558835506,47
2,136,-7.443749390542507,88
3,205,-4.318179175257683,69
4,241,-2.275006979703903,36
5,297,-3.652229383587837,56
6,336,-2.599319450557232,39
7,384,-3.2788493037223816,48
8,436,-3.6394894495606422,52
9,544,-7.522722311317921,108
10,580,-2.213156558573246,36
11,644,-4.001664314419031,64
12,721,-4.881844475865364,77
13,806,-5.38078998029232,85
14,835,-1.804458312690258,29
15,919,-5.2676467299461365,84
16,1007,-5.479085262864828,88
17,1061,-3.325182117521763,54
18,1124,-3.9198266305029392,63
19,1168,-2.7527000941336155,44
20,1213,-2.833369880914688,45
21,1253,-2.533084526658058,40
22,1295,-2.6737418472766876,42
23,1354,-3.784864202141762,59
24,1387,-2.1246782541275024,33
25,1420,-2.1300288811326027,33
26,1451,-2.005880907177925,31
27,1487,-2.3357765823602676,36
28,1520,-2.148742586374283,33
29,1545,-1.6315660402178764,25
30,1572,-1.7634420469403267,27
31,1599,-1.765912838280201,27
32,1630,-2.0314332470297813,31
33,1656,-1.707870215177536,26
34,1684,-1.842236764729023,28
35,1720,-2.3756474927067757,36
36,1753,-2.186471462249756,33
37,1781,-1.8609634563326836,28
38,1807,-1.7316827028989792,26
39,1834,-1.8016631975769997,27
40,1859,-1.6714816391468048,25
41,1887,-1.875626228749752,28
42,1914,-1.8129992187023163,27
43,1938,-1.6148280054330826,24
44,1962,-1.617322102189064,24
45,1988,-1.7551781609654427,26
46,2010,-1.4878899306058884,22
47,2034,-1.6253253892064095,24
48,2056,-1.4922467470169067,22
49,2078,-1.4941692352294922,22
50,2101,-1.5642776861786842,23
51,2122,-1.4303557574748993,21
52,2143,-1.4320421516895294,21
53,2163,-1.3654260858893394,20
54,2187,-1.6406539678573608,24
55,2209,-1.5066784992814064,22
56,2234,-1.715155303478241,25
57,2255,-1.4435327127575874,21
58,2277,-1.5144404917955399,22
59,2298,-1.4478324428200722,21
60,2320,-1.5190268158912659,22
61,2341,-1.4522789269685745,21
62,2364,-1.5931321159005165,23
63,2386,-1.5266537591814995,22
64,2410,-1.668516606092453,24
65,2433,-1.6022841706871986,23
66,2453,-1.395701564848423,20
67,2473,-1.3975608795881271,20
68,2492,-1.3293948099017143,19
69,2515,-1.611568346619606,23
70,2536,-1.474138393998146,21
71,2557,-1.476478785276413,21
72,2578,-1.4788385331630707,21
73,2598,-1.4105931147933006,20
74,2618,-1.4126041010022163,20
75,2639,-1.4854590892791748,21
76,2667,-1.9848448559641838,28
77,2688,-1.492192454636097,21
78,2709,-1.494634211063385,21
79,2729,-1.4257098212838173,20
80,2749,-1.427798293530941,20
81,2771,-1.5730898901820183,22
82,2795,-1.7194856479763985,24
83,2817,-1.5794334411621094,22
84,2838,-1.510313369333744,21
85,2859,-1.5128229781985283,21
86,2879,-1.443093165755272,20
87,2901,-1.5899702087044716,22
88,2923,-1.5928959846496582,22
89,2944,-1.5231917798519135,21
90,2964,-1.4529921784996986,20
91,2988,-1.7466495856642723,24
92,3009,-1.5313261672854424,21
93,3031,-1.6070206388831139,22
94,3051,-1.4634243845939636,20
95,3071,-1.4656232446432114,20
96,3094,-1.688311092555523,23
97,3114,-1.470738485455513,20
98,3136,-1.620437815785408,22
99,3156,-1.475630283355713,20
100,3178,-1.625825196504593,22
101,3199,-1.5546459779143333,21
102,3221,-1.6314719840884209,22
103,3243,-1.6344191431999207,22
104,3264,-1.5628462433815002,21
105,3285,-1.5654214024543762,21
106,3306,-1.5679969564080238,21
107,3327,-1.5705726817250252,21
108,3347,-1.498151808977127,20
109,3367,-1.5003833621740341,20
110,3388,-1.5778361484408379,21
111,3408,-1.505070872604847,20
112,3429,-1.5827596932649612,21
113,3449,-1.5097595900297165,20
114,3470,-1.5876836478710175,21
115,3490,-1.5144479796290398,20
116,3510,-1.516684964299202,20
117,3530,-1.5189224854111671,20
118,3550,-1.5211603343486786,20
119,3569,-1.4471522942185402,19
120,3588,-1.449077270925045,19
121,3608,-1.5274525731801987,20
122,3628,-1.5296922698616982,20
123,3649,-1.608614295721054,21
124,3669,-1.5343754217028618,20
125,3690,-1.6135288700461388,21
126,3711,-1.616089902818203,21
127,3734,-1.7729972526431084,23
128,3754,-1.5443067625164986,20
129,3775,-1.6239465549588203,21
130,3795,-1.5489608570933342,20
131,3815,-1.5511856377124786,20
132,3837,-1.7089282348752022,22
133,3858,-1.6339023634791374,21
134,3879,-1.6364361569285393,21
135,3899,-1.560840643942356,20
136,3918,-1.484827682375908,19
137,3938,-1.5650692582130432,20
138,3958,-1.567279726266861,20
139,3979,-1.648045428097248,21
140,3999,-1.5718840435147285,20
141,4019,-1.57408756762743,20
142,4038,-1.4974018931388855,19
143,4060,-1.7363001257181168,22
144,4081,-1.6599849835038185,21
145,4102,-1.6624820604920387,21
146,4121,-1.5062602013349533,19
147,4141,-1.5876121148467064,20
148,4160,-1.5102359279990196,19
149,4180,-1.5917941555380821,20
150,4200,-1.5939751267433167,20
151,4221,-1.6760415211319923,21
152,4241,-1.5985078886151314,20
153,4260,-1.5205751061439514,19
154,4280,-1.6026670932769775,20
155,4301,-1.6851556822657585,21
156,4321,-1.6071742102503777,20
157,4340,-1.5287979170680046,19
158,4360,-1.6113135293126106,20
159,4379,-1.5327256917953491,19
160,4399,-1.615443967282772,20
161,4419,-1.617594189941883,20
162,4438,-1.5386847704648972,19
163,4458,-1.6217099204659462,20
164,4478,-1.6238515600562096,20
165,4498,-1.6259900406002998,20
166,4519,-1.7096091210842133,21
167,4539,-1.630424253642559,20
168,4560,-1.714257076382637,21
169,4581,-1.7166615203022957,21
170,4603,-1.8010022789239883,22
171,4622,-1.5575185045599937,19
172,4642,-1.6415076851844788,20
173,4662,-1.6436169296503067,20
174,4681,-1.5633690729737282,19
175,4701,-1.6476584300398827,20
176,4721,-1.649758219718933,20
177,4740,-1.5691947042942047,19
178,4759,-1.5710264816880226,19
179,4779,-1.655708558857441,20
180,4798,-1.5748394131660461,19
181,4819,-1.7427775040268898,21
182,4839,-1.6619540229439735,20
183,4859,-1.6640309318900108,20
184,4878,-1.582733005285263,19
185,4897,-1.5845471173524857,19
186,4917,-1.6699209734797478,20
187,4937,-1.6719850972294807,20
188,4956,-1.590277761220932,19
189,4975,-1.5920819714665413,19
190,4994,-1.5938839688897133,19
191,5013,-1.5956837013363838,19
192,5032,-1.5974811166524887,19
193,5051,-1.5992763340473175,19
194,5070,-1.6010692492127419,19
195,5089,-1.6028598323464394,19
196,5108,-1.6046481505036354,19
197,5127,-1.6064340695738792,19
198,5147,-1.6929283887147903,20
199,5166,-1.6101434156298637,19
200,5185,-1.6119217574596405,19
201,5204,-1.6136977300047874,19
202,5223,-1.6154712811112404,19
203,5242,-1.6172424107789993,19
204,5262,-1.7042891532182693,20
205,5281,-1.6209187731146812,19
206,5300,-1.6226821392774582,19
207,5319,-1.6244430989027023,19
208,5338,-1.6262015849351883,19
209,5357,-1.627957634627819,19
210,5376,-1.6297112330794334,19
211,5395,-1.6314623206853867,19
212,5416,-1.8052665889263153,21
213,5435,-1.6352240964770317,19
214,5454,-1.6369667500257492,19
215,5473,-1.6387068629264832,19
216,5493,-1.7268488705158234,20
217,5512,-1.642314687371254,19
218,5531,-1.6440467983484268,19
219,5551,-1.7324609905481339,20
220,5570,-1.6476370692253113,19
221,5589,-1.6493611633777618,19
222,5608,-1.6510827466845512,19
223,5628,-1.7398555800318718,20
224,5647,-1.654649905860424,19
225,5666,-1.6563633903861046,19
226,5685,-1.658074364066124,19
227,5704,-1.659782811999321,19
228,5723,-1.6614886596798897,19
229,5742,-1.6631919965147972,19
230,5761,-1.6648927927017212,19
231,5780,-1.6665910482406616,19
232,5799,-1.6682867631316185,19
233,5818,-1.6699799075722694,19
234,5837,-1.6716704592108727,19
235,5856,-1.673358529806137,19
236,5875,-1.6750439703464508,19
237,5894,-1.676726907491684,19
238,5913,-1.6784072667360306,19
239,5932,-1.68008504062891,19
240,5951,-1.6817602813243866,19
241,5970,-1.6834329441189766,19
242,5989,-1.6851030439138412,19
243,6008,-1.6867705658078194,19
244,6027,-1.6884355768561363,19
245,6048,-1.8681323379278183,21
246,6067,-1.6919929310679436,19
247,6086,-1.6936493441462517,19
248,6105,-1.695303164422512,19
249,6124,-1.6969544664025307,19
250,6143,-1.6986031532287598,19
251,6163,-1.7897968739271164,20
252,6182,-1.7020119577646255,19
253,6201,-1.7036526203155518,19
254,6220,-1.705290712416172,19
255,6239,-1.7069262489676476,19
256,6258,-1.708559274673462,19
257,6277,-1.7101897448301315,19
258,6296,-1.7118175998330116,19
259,6315,-1.7134429588913918,19
260,6334,-1.715065784752369,19
261,6353,-1.716686062514782,19
262,6372,-1.718303807079792,19
263,6391,-1.7199189960956573,19
264,6410,-1.7215316444635391,19
265,6429,-1.7231417745351791,19
266,6448,-1.7247493863105774,19
267,6467,-1.726354457437992,19
268,6486,-1.727957010269165,19
269,6505,-1.729557029902935,19
270,6524,-1.7311545312404633,19
271,6543,-1.7327495217323303,19
272,6562,-1.7343420088291168,19
273,6581,-1.735931970179081,19
274,6600,-1.7375193983316422,19
275,6619,-1.7391043826937675,19
276,6638,-1.7406868189573288,19
277,6657,-1.7422667145729065,19
278,6676,-1.7438441887497902,19
279,6695,-1.7454191222786903,19
280,6714,-1.7469915598630905,19
281,6733,-1.748561568558216,19
282,6752,-1.7501290142536163,19
283,6771,-1.7516940161585808,19
284,6790,-1.7532565742731094,19
285,6809,-1.7548166140913963,19
286,6828,-1.7563742026686668,19
287,6847,-1.7579292953014374,19
288,6866,-1.759482003748417,19
289,6885,-1.761032149195671,19
290,6905,-1.8554035872220993,20
291,6924,-1.7642292082309723,19
292,6943,-1.7657716944813728,19
293,6962,-1.7673117741942406,19
294,6981,-1.7688493207097054,19
295,7000,-1.7703844755887985,19
296,7019,-1.7719172239303589,19
297,7038,-1.7734475061297417,19
298,7057,-1.7749754190444946,19
299,7076,-1.7765008434653282,19
300,7095,-1.7780238837003708,19
301,7114,-1.7795445173978806,19
302,7133,-1.781062752008438,19
303,7152,-1.782578557729721,19
304,7171,-1.784091979265213,19
305,7190,-1.7856029868125916,19
306,7209,-1.7871116399765015,19
307,7228,-1.7886178717017174,19
308,7247,-1.790121741592884,19
309,7266,-1.7916232645511627,19
310,7285,-1.7931223660707474,19
311,7304,-1.794619083404541,19
312,7323,-1.7961134761571884,19
313,7342,-1.7976054474711418,19
314,7361,-1.7990951091051102,19
315,7381,-1.8954036831855774,20
316,7400,-1.8021630495786667,19
317,7419,-1.8036453574895859,19
318,7438,-1.8051252588629723,19
319,7457,-1.8066028654575348,19
320,7476,-1.808078147470951,19
321,7495,-1.8095511347055435,19
322,7514,-1.8110217899084091,19
323,7533,-1.812490090727806,19
324,7552,-1.8139561116695404,19
325,7571,-1.8154198229312897,19
326,7590,-1.8168812468647957,19
327,7609,-1.8183403462171555,19
328,7628,-1.819797158241272,19
329,7647,-1.8212516978383064,19
330,7666,-1.822703942656517,19
331,7685,-1.8241538926959038,19
332,7704,-1.8256015703082085,19
333,7723,-1.827046975493431,19
334,7742,-1.8284901157021523,19
335,7761,-1.8299309983849525,19
336,7780,-1.8313696682453156,19
337,7799,-1.832806058228016,19
338,7818,-1.8342401534318924,19
339,7837,-1.835672028362751,19
340,7856,-1.8371017128229141,19
341,7875,-1.8385290876030922,19
342,7894,-1.8399543091654778,19
343,7913,-1.84137724339962,19
344,7932,-1.842798002064228,19
345,7951,-1.8442165106534958,19
346,7970,-1.8456328436732292,19
347,7989,-1.8470469266176224,19
348,8008,-1.848458856344223,19
349,8027,-1.8498685210943222,19
350,8046,-1.8512761145830154,19
351,8065,-1.8526813760399818,19
352,8084,-1.8540845140814781,19
353,8103,-1.8554855063557625,19
354,8122,-1.8568843007087708,19
355,8141,-1.8582809045910835,19
356,8160,-1.859675407409668,19
357,8179,-1.8610676974058151,19
358,8199,-1.960531696677208,20
359,8218,-1.8639288619160652,19
360,8238,-1.9635385647416115,20
361,8257,-1.866780437529087,19
362,8276,-1.8681614473462105,19
363,8295,-1.869540348649025,19
364,8314,-1.87091713398695,19
365,8333,-1.872291810810566,19
366,8352,-1.87366434186697,19
367,8371,-1.875034749507904,19
368,8390,-1.876403070986271,19
369,8409,-1.8777693137526512,19
370,8428,-1.8791334182024002,19
371,8447,-1.8804954811930656,19
372,8466,-1.8818554133176804,19
373,8485,-1.883213222026825,19
374,8504,-1.8845690190792084,19
375,8523,-1.8859227299690247,19
376,8542,-1.8872743546962738,19
377,8561,-1.8886239156126976,19
378,8580,-1.8899714201688766,19
379,8599,-1.891316868364811,19
380,8618,-1.8926602378487587,19
381,8637,-1.8940016031265259,19
382,8656,-1.8953408896923065,19
383,8675,-1.8966781571507454,19
384,8694,-1.8980133831501007,19
385,8713,-1.8993465825915337,19
386,8732,-1.9006777480244637,19
387,8751,-1.9020069167017937,19
388,8770,-1.9033340588212013,19
389,8789,-1.9046591594815254,19
390,8808,-1.9059823006391525,19
391,8827,-1.9073034152388573,19
392,8846,-1.9086225107312202,19
393,8865,-1.9099396392703056,19
394,8884,-1.9112547934055328,19
395,8903,-1.9125679358839989,19
396,8922,-1.913879081606865,19
397,8941,-1.9151882752776146,19
398,8960,-1.9164955094456673,19
399,8979,-1.9178007543087006,19
400,8998,-1.9191040396690369,19
401,9017,-1.9204053655266762,19
402,9036,-1.9217047467827797,19
403,9055,-1.923002153635025,19
404,9074,-1.9242976605892181,19
405,9093,-1.9255911782383919,19
406,9112,-1.926882803440094,19
407,9131,-1.9281724765896797,19
408,9150,-1.9294602051377296,19
409,9169,-1.9307460263371468,19
410,9188,-1.9320299327373505,19
411,9207,-1.933311901986599,19
412,9226,-1.9345920011401176,19
413,9246,-2.0378034859895706,20
414,9265,-1.9372160360217094,19
415,9284,-1.93849016726017,19
416,9303,-1.939762406051159,19
417,9322,-1.941032811999321,19
418,9341,-1.9423012658953667,19
419,9360,-1.9435678720474243,19
420,9379,-1.9448326081037521,19
421,9398,-1.946095459163189,19
422,9417,-1.9473564177751541,19
423,9436,-1.9486155435442924,19
424,9455,-1.9498728215694427,19
425,9474,-1.9511282294988632,19
426,9493,-1.9523817896842957,19
427,9512,-1.95363350212574,19
428,9531,-1.9548833817243576,19
429,9550,-1.9561313763260841,19
430,9569,-1.9573775753378868,19
431,9588,-1.9586219415068626,19
432,9607,-1.9598645120859146,19
433,9626,-1.9611052349209785,19
434,9645,-1.9623441398143768,19
435,9664,-1.9635812193155289,19
436,9683,-1.9648164957761765,19
437,9702,-1.966049961745739,19
438,9721,-1.9672816321253777,19
439,9740,-1.968511514365673,19
440,9759,-1.969739593565464,19
441,9778,-1.9709658846259117,19
442,9797,-1.9721903949975967,19
443,9816,-1.9734131321310997,19
444,9835,-1.9746340736746788,19
445,9854,-1.9758532419800758,19
446,9873,-1.9770706444978714,19
447,9892,-1.9782862961292267,19
448,9911,-1.9795001596212387,19
449,9931,-2.0850032046437263,20
450,9950,-1.9819847494363785,19
451,9969,-1.9831931591033936,19
452,9988,-1.984399825334549,19
453,10007,-1.9856047630310059,19
454,10026,-1.9868079721927643,19
455,10045,-1.9880094528198242,19
456,10064,-1.9892091900110245,19
457,10083,-1.9904071986675262,19
458,10102,-1.9916034936904907,19
459,55,-5.660851709544659,54
460,128,-7.5937830954790115,73
461,182,-5.541282407939434,54
462,219,-3.7822554633021355,37
463,267,-4.904979042708874,48
464,310,-4.384609326720238,43
465,413,-10.389583997428417,103
466,489,-7.396927617490292,76
467,543,-5.19174499809742,54
468,607,-6.1285978108644485,64
469,681,-7.0288494527339935,74
470,744,-5.920064181089401,63
471,792,-4.487151280045509,48
472,823,-2.8946492224931717,31
473,867,-4.111156649887562,44
474,902,-3.2687490731477737,35
475,938,-3.3637636601924896,36
476,974,-3.3651405423879623,36
477,1014,-3.7405278608202934,40
478,1048,-3.1795798391103745,34
479,1078,-2.806913197040558,30
480,1117,-3.65159622579813,39
481,1153,-3.3712003007531166,36
482,1192,-3.6535822302103043,39
483,1232,-3.7477766424417496,40
484,1265,-3.0920283421874046,33
485,1297,-3.0000212341547012,32
486,1342,-4.221119076013565,45
487,1371,-2.718599282205105,29
488,1409,-3.5648997128009796,38
489,1437,-2.627224288880825,28
490,1472,-3.286476284265518,35
491,1514,-3.9454704225063324,42
492,1557,-4.038569413125515,43
493,1588,-2.910614363849163,31
494,1627,-3.6641231402754784,39
495,1658,-2.912854440510273,31
496,1701,-4.042881011962891,43
497,1731,-2.81971737742424,30
498,1759,-2.633356250822544,28
499,1787,-2.635098986327648,28
500,1813,-2.448422782123089,26
501,1839,-2.4500304609537125,26
502,1864,-2.3573050275444984,25
503,1891,-2.547604039311409,27
504,1919,-2.6437230482697487,28
505,1949,-2.8344655707478523,30
506,1977,-2.6470834463834763,28
507,1999,-2.0810027047991753,22
508,2027,-2.6503237783908844,28
509,2054,-2.5572731494903564,27
510,2077,-2.1796840727329254,23
511,2100,-2.1809861287474632,23
512,2122,-2.0873696953058243,22
513,2144,-2.088564284145832,22
514,2169,-2.374837286770344,25
515,2194,-2.376316949725151,25
516,2217,-2.1875018402934074,23
517,2243,-2.4743981063365936,26
518,2265,-2.094902351498604,22
519,2286,-2.0007751509547234,21
520,2306,-1.9064926430583,20
521,2328,-2.0982754081487656,22
522,2353,-2.385853871703148,25
523,2375,-2.100736401975155,22
524,2401,-2.4842270985245705,26
525,2422,-2.0075707882642746,21
526,2444,-2.1043202355504036,22
527,2468,-2.296968512237072,24
528,2492,-2.2983280271291733,24
529,2513,-2.0121289864182472,21
530,2534,-2.0131885036826134,21
531,2556,-2.1101971566677094,22
532,2579,-2.207362100481987,23
533,2601,-2.112558074295521,22
534,2622,-2.0176037400960922,21
535,2644,-2.114816352725029,22
536,2666,-2.115969106554985,22
537,2688,-2.117120161652565,22
538,2708,-1.92563796043396,20
539,2728,-1.9265815392136574,20
540,2748,-1.9275240004062653,20
541,2773,-2.410767041146755,25
542,2793,-1.9295951947569847,20
543,2815,-2.1236547753214836,22
544,2836,-2.0281815379858017,21
545,2858,-2.1258831173181534,22
546,2879,-2.030305713415146,21
547,2900,-2.031341701745987,21
548,2921,-2.032376393675804,21
549,2941,-1.936550296843052,20
550,2960,-1.8405780419707298,19
551,2981,-2.035303108394146,21
552,3000,-1.8423385322093964,19
553,3021,-2.037246935069561,21
554,3041,-1.9411835744976997,20
555,3062,-2.039247013628483,21
556,3084,-2.1374609917402267,22
557,3105,-2.04134289175272,21
558,3124,-1.847796879708767,19
559,3144,-1.9459445253014565,20
560,3164,-1.9468654468655586,20
561,3183,-1.850367322564125,19
562,3204,-2.046111725270748,21
563,3224,-1.9496163576841354,20
564,3244,-1.9505334421992302,20
565,3265,-2.0490535125136375,21
566,3284,-1.854765497148037,19
567,3303,-1.855580598115921,19
568,3323,-1.9541300535202026,20
569,3344,-2.052825890481472,21
570,3364,-1.9560036659240723,20
571,3385,-2.0547910183668137,21
572,3407,-2.153725191950798,22
573,3427,-1.9588731974363327,20
574,3447,-1.9597804099321365,20
575,3466,-1.8626239821314812,19
576,3487,-2.059644751250744,21
577,3507,-1.962490238249302,20
578,3527,-1.963393658399582,20
579,3547,-1.964296154677868,20
580,3567,-1.965197704732418,20
581,3586,-1.8677652180194855,19
582,3606,-1.9669435024261475,20
583,3626,-1.9678423553705215,20
584,3646,-1.9687402918934822,20
585,3668,-2.166664958000183,22
586,3688,-1.970622293651104,20
587,3707,-1.8729133754968643,19
588,3729,-2.1696567609906197,22
589,3749,-1.9733388051390648,20
590,3769,-1.9742308408021927,20
591,3788,-1.8763379752635956,19
592,3809,-2.0747871175408363,21
593,3828,-1.8780226707458496,19
594,3848,-1.9777302891016006,20
595,3868,-1.9786178469657898,20
596,3887,-1.8805015236139297,19
597,3907,-1.9803371876478195,20
598,3927,-1.9812220931053162,20
599,3948,-2.0812416672706604,21
600,3970,-2.1814020574092865,22
601,3989,-1.8847757205367088,19
602,4008,-1.8855627924203873,19
603,4027,-1.8863491863012314,19
604,4046,-1.8871348798274994,19
605,4067,-2.0867087990045547,21
606,4087,-1.9882366806268692,20
607,4107,-1.989113450050354,20
608,4126,-1.8904624059796333,19
609,4145,-1.8912444189190865,19
610,4165,-1.9916348680853844,20
611,4186,-2.0921634882688522,21
612,4207,-2.093127056956291,21
613,4226,-1.8945981562137604,19
614,4245,-1.8953763917088509,19
615,4265,-1.9959801509976387,20
616,4285,-1.9968490526080132,20
617,4305,-1.9977170526981354,20
618,4325,-1.998584195971489,20
619,4346,-2.0994525477290154,21
620,4366,-2.0003602504730225,20
621,4385,-1.9011363610625267,19
622,4405,-2.0020375475287437,20
623,4424,-1.9027283266186714,19
624,4443,-1.9034992456436157,19
625,4462,-1.904269501566887,19
626,4481,-1.9050391465425491,19
627,4500,-1.9058080911636353,19
628,4519,-1.9065764397382736,19
629,4539,-2.007758840918541,20
630,4558,-1.9081584438681602,19
631,4578,-2.009422592818737,20
632,4598,-2.010278105735779,20
633,4618,-2.0111327692866325,20
634,4637,-1.9113605841994286,19
635,4656,-1.9121240079402924,19
636,4675,-1.9128867983818054,19
637,4694,-1.9136489555239677,19
638,4713,-1.9144104570150375,19
639,4733,-2.0159977674484253,20
640,4752,-1.9159779772162437,19
641,4771,-1.9167374670505524,19
642,4790,-1.9174963235855103,19
643,4809,-1.9182545319199562,19
644,4830,-2.1210714280605316,21
645,4849,-1.9198549911379814,19
646,4868,-1.9206111207604408,19
647,4887,-1.921366609632969,19
648,4906,-1.9221214428544044,19
649,4925,-1.9228756949305534,19
650,4944,-1.9236292615532875,19
651,4964,-2.0256931111216545,20
652,4984,-2.0265328139066696,20
653,5003,-1.9259769096970558,19
654,5022,-1.9267277494072914,19
655,5041,-1.9274780079722404,19
656,5060,-1.9282276183366776,19
657,5079,-1.9289766177535057,19
658,5098,-1.9297250136733055,19
659,5117,-1.9304727390408516,19
660,5136,-1.9312198460102081,19
661,5156,-2.0336761251091957,20
662,5175,-1.9327567741274834,19
663,5194,-1.933501958847046,19
664,5214,-2.036076173186302,20
665,5233,-1.9350346848368645,19
666,5252,-1.9357779175043106,19
667,5271,-1.936520479619503,19
668,5290,-1.9372624307870865,19
669,5309,-1.938003771007061,19
670,5328,-1.9387444630265236,19
671,5347,-1.9394845962524414,19
672,5366,-1.9402240589261055,19
673,5385,-1.94096290320158,19
674,5404,-1.9417011514306068,19
675,5423,-1.942438781261444,19
676,5442,-1.9431757926940918,19
677,5461,-1.9439121708273888,19
678,5480,-1.9446479827165604,19
679,5499,-1.9453831389546394,19
680,5518,-1.9461177065968513,19
681,5537,-1.9468516483902931,19
682,5556,-1.947584941983223,19
683,5575,-1.9483176693320274,19
684,5594,-1.94904974848032,19
685,5613,-1.9497812613844872,19
686,5632,-1.950512133538723,19
687,5651,-1.9512424394488335,19
688,5670,-1.9519721046090126,19
689,5689,-1.9527011662721634,19
690,5708,-1.9534296169877052,19
691,5727,-1.95415747910738,19
692,5746,-1.9548847451806068,19
693,5765,-1.9556113928556442,19
694,5784,-1.956337384879589,19
695,5803,-1.9570628255605698,19
696,5822,-1.9577876776456833,19
697,5841,-1.958511896431446,19
698,5860,-1.9592355489730835,19
699,5879,-1.9599585458636284,19
700,5898,-1.960681013762951,19
701,5917,-1.9614028334617615,19
702,5936,-1.962124064564705,19
703,5955,-1.96284469217062,19
704,5975,-2.0669365227222443,20
705,5994,-1.964325375854969,19
706,6013,-1.9650441482663155,19
707,6032,-1.9657622799277306,19
708,6051,-1.9664799198508263,19
709,6070,-1.9671969041228294,19
710,6089,-1.9679132923483849,19
711,6108,-1.9686290919780731,19
712,6127,-1.969344288110733,19
713,6146,-1.9700589403510094,19
714,6165,-1.9707729741930962,19
715,6185,-2.0752748548984528,20
716,6204,-1.97223961353302,19
717,6223,-1.9729518368840218,19
718,6242,-1.9736634343862534,19
719,6261,-1.974374458193779,19
720,6280,-1.9750848859548569,19
721,6299,-1.9757947251200676,19
722,6318,-1.9765040054917336,19
723,6337,-1.9772126749157906,19
724,6356,-1.9779207780957222,19
725,6375,-1.9786282926797867,19
726,6394,-1.9793352484703064,19
727,6413,-1.9800416007637978,19
728,6432,-1.980747364461422,19
729,6451,-1.981452539563179,19
730,6471,-2.086506888270378,20
731,6490,-1.9829004630446434,19
732,6510,-2.0880296751856804,20
733,6529,-1.9843457490205765,19
734,6548,-1.9850479513406754,19
735,6567,-1.9857495501637459,19
736,6586,-1.9864505380392075,19
737,6605,-1.9871509745717049,19
738,6624,-1.987850844860077,19
739,6643,-1.9885501712560654,19
740,6662,-1.989248864352703,19
741,6682,-2.0947064757347107,20
742,6701,-1.9906830564141273,19
743,6720,-1.9913800060749054,19
744,6739,-1.9920763671398163,19
745,6758,-1.9927721992135048,19
746,6777,-1.9934674128890038,19
747,6796,-1.9941620826721191,19
748,6815,-1.9948561936616898,19
749,6834,-1.9955497309565544,19
750,6853,-1.9962426871061325,19
751,6872,-1.9969350919127464,19
752,6891,-1.997626930475235,19
753,6910,-1.9983181953430176,19
754,6929,-1.9990089163184166,19
755,6948,-1.9996990710496902,19
756,6967,-2.0003886595368385,19
757,6987,-2.1064226031303406,20
758,7006,-2.001803547143936,19
759,7025,-2.002491384744644,19
760,7044,-2.003178671002388,19
761,7063,-2.003865398466587,19
762,7082,-2.0045515820384026,19
763,7101,-2.005237177014351,19
764,7120,-2.005922220647335,19
765,7139,-2.0066067427396774,19
766,7158,-2.0072906836867332,19
767,7177,-2.007974073290825,19
768,7196,-2.008656919002533,19
769,7215,-2.0093391984701157,19
770,7234,-2.010020926594734,19
771,7253,-2.0107021257281303,19
772,7272,-2.011382758617401,19
773,7291,-2.0120628625154495,19
774,7310,-2.0127423778176308,19
775,7330,-2.1194155290722847,20
776,7349,-2.01413594186306,19
777,7368,-2.0148137509822845,19
778,7387,-2.0154910311102867,19
779,7406,-2.016167789697647,19
780,7425,-2.016843982040882,19
781,7444,-2.0175196081399918,19
782,7463,-2.0181947126984596,19
783,7483,-2.1251499876379967,20
784,7502,-2.0195788890123367,19
785,7521,-2.0202523097395897,19
786,7540,-2.020925149321556,19
787,7559,-2.0215974748134613,19
788,7578,-2.0222692787647247,19
789,7597,-2.0229405239224434,19
790,7616,-2.023611195385456,19
791,7636,-2.130846790969372,20
792,7655,-2.0249861031770706,19
793,7674,-2.025655135512352,19
794,7693,-2.026323601603508,19
795,7712,-2.026991553604603,19
796,7731,-2.0276590138673782,19
797,7750,-2.0283258855342865,19
798,7769,-2.028992235660553,19
799,7788,-2.0296580493450165,19
800,7807,-2.0303233340382576,19
801,7826,-2.0309880897402763,19
802,7845,-2.0316523239016533,19
803,7864,-2.032316006720066,19
804,7884,-2.1400020867586136,20
805,7903,-2.033676080405712,19
806,7922,-2.0343381091952324,19
807,7941,-2.034999631345272,19
808,7960,-2.0356606245040894,19
809,7979,-2.036321073770523,19
810,7998,-2.036981016397476,19
811,8017,-2.037640430033207,19
812,8036,-2.0382993072271347,19
813,8055,-2.0389576703310013,19
814,8074,-2.0396155267953873,19
815,8093,-2.040272831916809,19
816,8112,-2.0409296080470085,19
817,8131,-2.0415858775377274,19
818,8150,-2.0422416403889656,19
819,8169,-2.0428968593478203,19
820,8188,-2.043551579117775,19
821,8207,-2.0442057847976685,19
822,8226,-2.0448594614863396,19
823,8245,-2.0455125868320465,19
824,8264,-2.0461652353405952,19
825,8283,-2.046817347407341,19
826,8302,-2.0474689602851868,19
827,8321,-2.0481200367212296,19
828,8340,-2.0487706139683723,19
829,8359,-2.0494206696748734,19
830,8378,-2.0500702261924744,19
831,8397,-2.0507192462682724,19
832,8416,-2.0513677522540092,19
833,8435,-2.052015781402588,19
834,8454,-2.052663281559944,19
835,8473,-2.0533102601766586,19
836,8492,-2.0539567321538925,19
837,8511,-2.0546027049422264,19
838,8530,-2.0552481412887573,19
839,8549,-2.0558931082487106,19
840,8568,-2.0565375462174416,19
841,8587,-2.0571814998984337,19
842,8606,-2.0578249245882034,19
843,8625,-2.058467820286751,19
844,8644,-2.0591102689504623,19
845,8663,-2.059752181172371,19
846,8682,-2.0603935718536377,19
847,8701,-2.0610344782471657,19
848,8720,-2.0616748705506325,19
849,8739,-2.0623147785663605,19
850,8758,-2.0629541724920273,19
851,8777,-2.0635930597782135,19
852,8796,-2.0642314851284027,19
853,8815,-2.0648693591356277,19
854,8834,-2.0655067786574364,19
855,8853,-2.066143676638603,19
856,8872,-2.0667800530791283,19
857,8891,-2.0674159675836563,19
858,8910,-2.068051390349865,19
859,8929,-2.068686291575432,19
860,8948,-2.0693207010626793,19
861,8967,-2.069954603910446,19
862,8986,-2.070588029921055,19
863,9005,-2.0712209716439247,19
864,9024,-2.0718534141778946,19
865,9043,-2.0724853575229645,19
866,9062,-2.073116824030876,19
867,9081,-2.0737477838993073,19
868,9100,-2.0743782594799995,19
869,9119,-2.0750082284212112,19
870,9138,-2.0756377205252647,19
871,9157,-2.0762667134404182,19
872,9176,-2.076895236968994,19
873,9195,-2.0775232315063477,19
874,9214,-2.078150823712349,19
875,9233,-2.0787778198719025,19
876,9252,-2.079404391348362,19
877,9271,-2.080030493438244,19
878,9290,-2.0806560814380646,19
879,9309,-2.081281177699566,19
880,9328,-2.0819057896733284,19
881,9347,-2.0825299248099327,19
882,9367,-2.192815713584423,20
883,9386,-2.0838064402341843,19
884,9405,-2.084429107606411,19
885,9424,-2.0850512459874153,19
886,9443,-2.0856729224324226,19
887,9462,-2.0862941220402718,19
888,9481,-2.0869148522615433,19
889,9500,-2.087535075843334,19
890,9519,-2.0881548151373863,19
891,9538,-2.0887741148471832,19
892,9557,-2.0893929228186607,19
893,9576,-2.0900112465023994,19
894,9595,-2.0906290784478188,19
895,9614,-2.091246470808983,19
896,9633,-2.0918633714318275,19
897,9653,-2.2026324942708015,20
898,9672,-2.093124642968178,19
899,9691,-2.093740075826645,19
900,9710,-2.0943550020456314,19
901,9729,-2.0949694737792015,19
902,9748,-2.095583491027355,19
903,9767,-2.09619702398777,19
904,9786,-2.096810109913349,19
905,9805,-2.0974226966500282,19
906,9824,-2.0980348214507103,19
907,9843,-2.098646491765976,19
908,9862,-2.099257677793503,19
909,9881,-2.099868416786194,19
910,9900,-2.1004786416888237,19
911,9919,-2.1010884270071983,19
912,9938,-2.1016977801918983,19
913,9957,-2.10230665653944,19
914,9976,-2.102915048599243,19
915,9995,-2.1035229489207268,19
916,10014,-2.104130409657955,19
917,10033,-2.1047374233603477,19
918,10052,-2.105343945324421,19
919,10071,-2.1059500202536583,19
920,10090,-2.10655564814806,19
921,10109,-2.107160806655884,19
922,10128,-2.1077655032277107,19
923,10147,-2.108369752764702,19
924,10166,-2.108973518013954,19
925,10185,-2.1095768213272095,19
926,10204,-2.1101796999573708,19
927,10223,-2.110782079398632,19
928,10242,-2.1113840341567993,19
929,10261,-2.1119855120778084,19
930,10280,-2.112586535513401,19
931,10299,-2.1131871044635773,19
932,10318,-2.1137872338294983,19
933,10337,-2.114386908710003,19
934,10356,-2.1149861067533493,19
935,10375,-2.115584872663021,19
936,10394,-2.116183154284954,19
937,10413,-2.1167810037732124,19
938,10432,-2.1173784136772156,19
939,10451,-2.117975354194641,19
940,10470,-2.1185718327760696,19
941,10489,-2.1191679015755653,19
942,10508,-2.119763493537903,19
943,10527,-2.120358631014824,19
944,10546,-2.1209533140063286,19
945,10565,-2.1215475648641586,19
946,10584,-2.1221414133906364,19
947,10603,-2.122734732925892,19
948,10622,-2.1233276575803757,19
949,10641,-2.1239201426506042,19
950,10660,-2.1245121359825134,19
951,10679,-2.1251036897301674,19
952,10698,-2.1256947964429855,19
953,10717,-2.126285508275032,19
954,10736,-2.126875728368759,19
955,10755,-2.1274655535817146,19
956,10774,-2.12805487960577,19
957,10793,-2.1286438181996346,19
958,10812,-2.129232242703438,19
959,10831,-2.1298202872276306,19
960,10850,-2.130407877266407,19
961,10869,-2.130995027720928,19
962,10888,-2.131581723690033,19
963,10907,-2.1321679949760437,19
964,10926,-2.1327538266777992,19
965,10945,-2.13333922624588,19
966,10965,-2.246256962418556,20
967,10984,-2.134534068405628,19
968,11003,-2.1351180747151375,19
969,11022,-2.1357016786932945,19
970,11041,-2.1362848579883575,19
971,11060,-2.1368675902485847,19
972,11079,-2.137449875473976,19
973,11098,-2.138031728565693,19
974,11117,-2.138613149523735,19
975,11136,-2.1391941532492638,19
976,11155,-2.139774702489376,19
977,11174,-2.140354849398136,19
978,11194,-2.2536360770463943,20
979,11213,-2.1415386125445366,19
980,11232,-2.1421174108982086,19
981,11251,-2.142695739865303,19
982,11270,-2.1432736963033676,19
983,11289,-2.143851190805435,19
984,11308,-2.1444282457232475,19
985,11327,-2.1450048983097076,19
986,11346,-2.1455811262130737,19
987,11365,-2.146156907081604,19
988,11384,-2.1467322558164597,19
989,11403,-2.1473072096705437,19
990,11422,-2.147881731390953,19
991,11441,-2.1484558135271072,19
992,11460,-2.149029478430748,19
993,11479,-2.1496027037501335,19
994,11498,-2.150175526738167,19
995,11517,-2.1507479399442673,19
996,11536,-2.1513198912143707,19
997,11555,-2.15189141780138,19
998,11574,-2.1524625569581985,19
999,11593,-2.1530332639813423,19
1000,11612,-2.153603568673134,19
1001,11631,-2.1541734263300896,19
1002,11650,-2.1547428369522095,19
1003,11669,-2.1553118973970413,19
1004,11688,-2.155880518257618,19
1005,11707,-2.1564487144351006,19
1006,11726,-2.157016471028328,19
1007,11745,-2.157583825290203,19
1008,11764,-2.1581507548689842,19
1009,11783,-2.1587172970175743,19
1010,11802,-2.1592834070324898,19
1011,11821,-2.15984907746315,19
1012,11840,-2.1604143530130386,19
1013,11859,-2.160979203879833,19
1014,11878,-2.1615436673164368,19
1015,11897,-2.1621077060699463,19
1016,11916,-2.162671335041523,19
1017,11935,-2.163234531879425,19
1018,11954,-2.163797304034233,19
1019,11973,-2.1643597334623337,19
1020,11992,-2.164921686053276,19
1021,12011,-2.165483243763447,19
1022,12030,-2.1660443916916847,19
1023,12049,-2.166605159640312,19
1024,12068,-2.1671655029058456,19
1025,12087,-2.1677254140377045,19
1026,12106,-2.1682849526405334,19
1027,12125,-2.1688440442085266,19
1028,12144,-2.16940276324749,19
1029,12163,-2.1699610501527786,19
1030,12182,-2.1705189496278763,19
1031,12201,-2.1710764542222023,19
1032,12220,-2.171633556485176,19
1033,12239,-2.172190196812153,19
1034,12258,-2.1727464497089386,19
1035,12277,-2.1733023300766945,19
1036,12296,-2.1738577857613564,19
1037,12315,-2.1744128614664078,19
1038,12334,-2.1749674901366234,19
1039,12353,-2.175521783530712,19
1040,12372,-2.1760756596922874,19
1041,12391,-2.1766290739178658,19
1042,12410,-2.1771821677684784,19
1043,12429,-2.177734799683094,19
1044,12448,-2.178287051618099,19
1045,12467,-2.1788388937711716,19
1046,12486,-2.1793903559446335,19
1047,12505,-2.1799414232373238,19
1048,12524,-2.180492088198662,19
1049,12543,-2.181042306125164,19
1050,12562,-2.18159219622612,19
1051,12581,-2.1821416467428207,19
1052,12600,-2.1826907321810722,19
1053,12619,-2.183239422738552,19
1054,12638,-2.1837876737117767,19
1055,12657,-2.1843355521559715,19
1056,12676,-2.1848830580711365,19
1057,12695,-2.185430131852627,19
1058,12714,-2.1859768480062485,19
1059,12733,-2.186523161828518,19
1060,12752,-2.1870690807700157,19
1061,12771,-2.187614604830742,19
1062,12790,-2.188159719109535,19
1063,12809,-2.1887044832110405,19
1064,12828,-2.18924880027771,19
1065,12847,-2.1897927597165108,19
1066,12866,-2.1903363540768623,19
1067,12885,-2.1908795088529587,19
1068,12904,-2.191422313451767,19
1069,12923,-2.191964715719223,19
1070,12942,-2.1925067380070686,19
1071,12961,-2.1930483654141426,19
1072,12980,-2.193589575588703,19
1073,12999,-2.1941304430365562,19
1074,13018,-2.194670908153057,19
1075,13037,-2.1952109932899475,19
1076,13056,-2.1957506984472275,19
1077,13075,-2.196289986371994,19
1078,13094,-2.1968289092183113,19
1079,13113,-2.1973674669861794,19
1080,13132,-2.1979056149721146,19
1081,13151,-2.198443368077278,19
1082,13170,-2.1989807784557343,19
1083,13189,-2.1995177641510963,19
1084,13208,-2.200054407119751,19
1085,13227,-2.2005906105041504,19
1086,13246,-2.2011264860630035,19
1087,13265,-2.2016619592905045,19
1088,13284,-2.2021970599889755,19
1089,13303,-2.2027317956089973,19
1090,13322,-2.2032661214470863,19
1091,13341,-2.2038000524044037,19
1092,13360,-2.204333648085594,19
1093,13379,-2.2048668786883354,19
1094,13398,-2.205399662256241,19
1095,13417,-2.205932132899761,19
1096,13436,-2.2064641937613487,19
1097,13455,-2.206995904445648,19
1098,13474,-2.207527182996273,19
1099,13493,-2.2080581560730934,19
1100,13512,-2.2085887044668198,19
1101,13531,-2.2091188952326775,19
1102,13550,-2.2096487060189247,19
1103,13569,-2.2101781517267227,19
1104,13588,-2.210707202553749,19
1105,13607,-2.2112359032034874,19
1106,13626,-2.211764268577099,19
1107,13645,-2.2122921869158745,19
1108,13664,-2.2128197625279427,19
1109,13683,-2.2133469581604004,19
1110,13702,-2.2138737961649895,19
1111,13721,-2.214400254189968,19
1112,13740,-2.2149263247847557,19
1113,13759,-2.215452089905739,19
1114,13778,-2.215977407991886,19
1115,13797,-2.216502398252487,19
1116,13816,-2.2170270383358,19
1117,13835,-2.2175512611865997,19
1118,13854,-2.2180751264095306,19
1119,13873,-2.2185986265540123,19
1120,13892,-2.219121754169464,19
1121,13911,-2.2196445763111115,19
1122,13930,-2.220166966319084,19
1123,13949,-2.220688983798027,19
1124,13968,-2.2212106734514236,19
1125,13987,-2.2217320054769516,19
1126,14006,-2.222252942621708,19
1127,14025,-2.222773529589176,19
1128,14044,-2.223293736577034,19
1129,14063,-2.2238136008381844,19
1130,14082,-2.224333092570305,19
1131,14101,-2.224852204322815,19
1132,14120,-2.2253709882497787,19
1133,14139,-2.2258893996477127,19
1134,14158,-2.226407453417778,19
1135,14177,-2.226925127208233,19
1136,14196,-2.2274424582719803,19
1137,14215,-2.2279594019055367,19
1138,14234,-2.228475995361805,19
1139,14253,-2.228992246091366,19
1140,14272,-2.2295081317424774,19
1141,14291,-2.230023644864559,19
1142,14310,-2.2305388003587723,19
1143,14329,-2.2310536354780197,19
1144,14348,-2.231568068265915,19
1145,14367,-2.2320821434259415,19
1146,14386,-2.2325958982110023,19
1147,14405,-2.233109265565872,19
1148,14424,-2.233622267842293,19
1149,14443,-2.2341349348425865,19
1150,14462,-2.234647274017334,19
1151,14481,-2.235159233212471,19
1152,14500,-2.2356708347797394,19
1153,14519,-2.236182063817978,19
1154,14538,-2.23669296503067,19
1155,14557,-2.2372035160660744,19
1156,14577,-2.355506293475628,20
1157,14596,-2.238241046667099,19
1158,14615,-2.238750472664833,19
1159,14634,-2.2392595782876015,19
1160,14653,-2.2397683039307594,19
1161,14672,-2.240276724100113,19
1162,14691,-2.2407847493886948,19
1163,14710,-2.2412924617528915,19
1164,14729,-2.241799794137478,19
1165,14748,-2.242306776344776,19
1166,14767,-2.2428134083747864,19
1167,14786,-2.243319720029831,19
1168,14805,-2.2438256815075874,19
1169,14824,-2.2443312630057335,19
1170,14844,-2.3630038127303123,20
1171,14863,-2.245358407497406,19
1172,14882,-2.245862975716591,19
1173,14901,-2.2463671267032623,19
1174,14920,-2.2468709275126457,19
1175,14939,-2.247374452650547,19
1176,14958,-2.2478775829076767,19
1177,14977,-2.2483803555369377,19
1178,14996,-2.248882792890072,19
1179,15015,-2.249384932219982,19
1180,15034,-2.2498866617679596,19
1181,15053,-2.2503880858421326,19
1182,15072,-2.2508891597390175,19
1183,15091,-2.251389928162098,19
1184,15110,-2.2518902868032455,19
1185,15129,-2.2523903399705887,19
1186,15148,-2.2528900429606438,19
1187,15167,-2.2533894032239914,19
1188,15186,-2.2538884431123734,19
1189,15205,-2.254387117922306,19
1190,15224,-2.2548854500055313,19
1191,15243,-2.2553834691643715,19
1192,15262,-2.2558811083436012,19
1193,15281,-2.2563784644007683,19
1194,15300,-2.256875418126583,19
1195,15319,-2.257372058928013,19
1196,15338,-2.257868379354477,19
1197,15357,-2.2583643570542336,19
1198,15376,-2.2588599771261215,19
1199,15395,-2.259355276823044,19
1200,15414,-2.2598502412438393,19
1201,15433,-2.2603448778390884,19
1202,15452,-2.2608391791582108,19
1203,15471,-2.261333115398884,19
1204,15490,-2.261826738715172,19
1205,15509,-2.262320004403591,19
1206,15528,-2.262812979519367,19
1207,15547,-2.2633055821061134,19
1208,15566,-2.2637978717684746,19
1209,15585,-2.26428984105587,19
1210,15604,-2.264781430363655,19
1211,15623,-2.2652727141976357,19
1212,15642,-2.2657636627554893,19
1213,15661,-2.266254276037216,19
1214,15680,-2.266744591295719,19
1215,15699,-2.267234556376934,19
1216,15718,-2.2677241787314415,19
1217,15737,-2.2682134732604027,19
1218,15756,-2.2687024250626564,19
1219,15775,-2.2691910564899445,19
1220,15794,-2.2696793600916862,19
1221,15813,-2.2701673358678818,19
1222,15832,-2.2706549912691116,19
1223,15851,-2.2711423188447952,19
1224,15870,-2.2716293036937714,19
1225,15889,-2.2721159532666206,19
1226,15908,-2.272602342069149,19
1227,15927,-2.2730883210897446,19
1228,15946,-2.273574024438858,19
1229,15965,-2.2740593254566193,19
1230,15984,-2.2745443880558014,19
1231,16003,-2.275029107928276,19
1232,16022,-2.2755134478211403,19
1233,16041,-2.2759975269436836,19
1234,16060,-2.2764812707901,19
1235,16079,-2.2769646868109703,19
1236,16098,-2.277447745203972,19
1237,16117,-2.2779305428266525,19
1238,16136,-2.2784129604697227,19
1239,16155,-2.2788950502872467,19
1240,16174,-2.2793768495321274,19
1241,16193,-2.2798583433032036,19
1242,16212,-2.2803394719958305,19
1243,16231,-2.2808203622698784,19
1244,16250,-2.281300835311413,19
1245,16269,-2.281780995428562,19
1246,16288,-2.2822608649730682,19
1247,16307,-2.282740443944931,19
1248,16326,-2.283219635486603,19
1249,16345,-2.283698543906212,19
1250,16364,-2.284177139401436,19
1251,16383,-2.284655421972275,19
1252,16402,-2.2851333543658257,19
1253,16421,-2.285611003637314,19
1254,16440,-2.286088287830353,19
1255,16459,-2.286565288901329,19
1256,16478,-2.287041999399662,19
1257,16497,-2.2875183522701263,19
1258,16516,-2.2879943773150444,19
1259,16535,-2.2884700894355774,19
1260,16554,-2.288945510983467,19
1261,16573,-2.2894206270575523,19
1262,16592,-2.2898954153060913,19
1263,16611,-2.2903699055314064,19
1264,16630,-2.2908440455794334,19
1265,16649,-2.2913178727030754,19
1266,16668,-2.2917914241552353,19
1267,16687,-2.2922645956277847,19
1268,16706,-2.2927375361323357,19
1269,16725,-2.293210119009018,19
1270,16744,-2.293682388961315,19
1271,16763,-2.2941543459892273,19
1272,16782,-2.294626012444496,19
1273,16801,-2.295097343623638,19
1274,16820,-2.2955683693289757,19
1275,16839,-2.296039067208767,19
1276,16858,-2.2965094819664955,19
1277,16877,-2.2969795912504196,19
1278,16896,-2.2974493876099586,19
1279,16915,-2.297918848693371,19
1280,16934,-2.298388034105301,19
1281,16953,-2.298856884241104,19
1282,16972,-2.2993254363536835,19
1283,16991,-2.2997936755418777,19
1284,17010,-2.30026163905859,19
1285,17029,-2.300729252398014,19
1286,17048,-2.301196575164795,19
1287,17067,-2.301663599908352,19
1288,17086,-2.3021302819252014,19
1289,17105,-2.30259670317173,19
1290,17124,-2.3030627965927124,19
1291,17143,-2.3035285398364067,19
1292,17162,-2.3039940297603607,19
1293,17181,-2.3044592142105103,19
1294,17200,-2.3049241080880165,19
1295,17219,-2.3053886741399765,19
1296,17238,-2.3058529421687126,19
1297,17257,-2.3063169047236443,19
1298,17276,-2.3067805767059326,19
1299,17295,-2.307243935763836,19
1300,17314,-2.3077069744467735,19
1301,17333,-2.308169722557068,19
1302,17352,-2.3086321502923965,19
1303,17371,-2.3090943172574043,19
1304,17390,-2.3095561861991882,19
1305,17409,-2.310017704963684,19
1306,17428,-2.3104789406061172,19
1307,17447,-2.3109398931264877,19
1308,17466,-2.311400532722473,19
1309,17485,-2.3118608817458153,19
1310,17504,-2.312320902943611,19
1311,17523,-2.312780663371086,19
1312,17542,-2.313240095973015,19
1313,17561,-2.3136992380023003,19
1314,17580,-2.3141581043601036,19
1315,17599,-2.31461663544178,19
1316,17618,-2.3150748908519745,19
1317,17637,-2.315532833337784,19
1318,17656,-2.315990462899208,19
1319,17675,-2.3164478465914726,19
1320,17694,-2.316904917359352,19
1321,17713,-2.3173616752028465,19
1322,17732,-2.3178181499242783,19
1323,17751,-2.3182743340730667,19
1324,17770,-2.3187301978468895,19
1325,17789,-2.319185793399811,19
1326,17808,-2.3196410536766052,19
1327,17827,-2.3200960606336594,19
1328,17846,-2.320550747215748,19
1329,17865,-2.321005158126354,19
1330,17884,-2.3214592710137367,19
1331,17903,-2.3219130858778954,19
1332,17922,-2.322366625070572,19
1333,17941,-2.322819858789444,19
1334,17960,-2.3232728019356728,19
1335,17979,-2.3237254172563553,19
1336,17998,-2.324177786707878,19
1337,18017,-2.324629858136177,19
1338,18036,-2.325081616640091,19
1339,18055,-2.3255331367254257,19
1340,18074,-2.3259843066334724,19
1341,18093,-2.326435200870037,19
1342,18112,-2.326885797083378,19
1343,18131,-2.3273361027240753,19
1344,18150,-2.3277861326932907,19
1345,18169,-2.3282358944416046,19
1346,18188,-2.3286853581666946,19
1347,18207,-2.329134538769722,19
1348,18226,-2.3295833989977837,19
1349,18245,-2.330031991004944,19
1350,18264,-2.33048028498888,19
1351,18283,-2.330928288400173,19
1352,18302,-2.331376053392887,19
1353,18321,-2.3318234607577324,19
1354,18340,-2.332270599901676,19
1355,18359,-2.332717500627041,19
1356,18378,-2.3331640511751175,19
1357,18397,-2.333610326051712,19
1358,18416,-2.3340563774108887,19
1359,18435,-2.3345020785927773,19
1360,18454,-2.3349475413560867,19
1361,18473,-2.335392691195011,19
1362,18492,-2.335837572813034,19
1363,18511,-2.3362821489572525,19
1364,18530,-2.33672646433115,19
1365,18549,-2.337170474231243,19
1366,18568,-2.3376142159104347,19
1367,18587,-2.338057652115822,19
1368,18606,-2.338500812649727,19
1369,18625,-2.338943734765053,19
1370,18644,-2.339386336505413,19
1371,18663,-2.3398286625742912,19
1372,18682,-2.340270683169365,19
1373,18701,-2.3407124802470207,19
1374,18720,-2.3411539047956467,19
1375,18739,-2.34159517288208,19
1376,18758,-2.3420360535383224,19
1377,18777,-2.3424766808748245,19
1378,18796,-2.342917062342167,19
1379,18815,-2.343357175588608,19
1380,18834,-2.3437969610095024,19
1381,18853,-2.3442365005612373,19
1382,18872,-2.344675712287426,19
1383,18891,-2.345114678144455,19
1384,18910,-2.345553368330002,19
1385,18929,-2.345991775393486,19
1386,18948,-2.3464299365878105,19
1387,18967,-2.3468677774071693,19
1388,18986,-2.347305342555046,19
1389,19005,-2.347742646932602,19
1390,19024,-2.348179705440998,19
1391,19043,-2.348616436123848,19
1392,19062,-2.34905294328928,19
1393,19081,-2.3494891226291656,19
1394,19100,-2.3499250411987305,19
1395,19119,-2.3503606989979744,19
1396,19138,-2.350796051323414,19
1397,19157,-2.351231187582016,19
1398,19176,-2.351665996015072,19
1399,19195,-2.352100558578968,19
1400,19214,-2.3525348156690598,19
1401,19233,-2.3529688343405724,19
1402,19252,-2.353402577340603,19
1403,19271,-2.3538360372185707,19
1404,19290,-2.3542691841721535,19
1405,19309,-2.3547021076083183,19
1406,19328,-2.3551347479224205,19
1407,19347,-2.3555671498179436,19
1408,19366,-2.355999208986759,19
1409,19385,-2.356431059539318,19
1410,19404,-2.356862612068653,19
1411,19423,-2.357293926179409,19
1412,19442,-2.3577249199151993,19
1413,19461,-2.3581556528806686,19
1414,19480,-2.358586147427559,19
1415,19499,-2.359016351401806,19
1416,19518,-2.359446309506893,19
1417,19537,-2.359875939786434,19
1418,19556,-2.3603053390979767,19
1419,19575,-2.360734485089779,19
1420,19594,-2.3611633479595184,19
1421,19613,-2.3615919649600983,19
1422,19632,-2.3620202988386154,19
1423,19651,-2.3624483346939087,19
1424,19670,-2.3628761172294617,19
1425,19689,-2.363303653895855,19
1426,19708,-2.363730914890766,19
1427,19727,-2.3641578927636147,19
1428,19746,-2.3645846247673035,19
1429,19765,-2.3650110960006714,19
1430,19784,-2.365437299013138,19
1431,19803,-2.365863226354122,19
1432,19822,-2.3662888556718826,19
1433,19841,-2.3667142912745476,19
1434,19860,-2.367139406502247,19
1435,19879,-2.367564305663109,19
1436,19898,-2.3679888769984245,19
1437,19917,-2.3684132248163223,19
1438,19936,-2.368837334215641,19
1439,19955,-2.3692611306905746,19
1440,19974,-2.3696846961975098,19
1441,19993,-2.370107963681221,19
1442,20012,-2.3705310076475143,19
1443,20031,-2.3709537610411644,19
1444,20050,-2.3713762685656548,19
1445,20069,-2.371798515319824,19
1446,20088,-2.3722204715013504,19
